case	argv_aspect	precise_provisioning	correct_vector_result	statement_fail_class	disposition
1	--clean --if-exists	CONNECT only; no schema grant; objects owned by W	FAIL exit 1	schema public CREATE denied	write-permission absent; fail-closed
2	--clean --if-exists	+CREATE/USAGE on public: objects initially created as R, ALTER ... OWNER TO W fails	FAIL exit 1 (5 ignored)	must be able to SET ROLE writer_owner	archive OWNER transfer requires SET ROLE to W; not granted -> refused
3	--clean --if-exists	R has CREATE+membership(SET default false) in W	FAIL exit 1 (12 ignored)	must be owner of sequence/table (SET ROLE denied to member w/o SET TRUE)	membership without SET option insufficient
4	--clean --if-exists	R has bidirectional membership in W	FAIL exit 1 (31 ignored)	must be owner (non-super is neither current owner nor inheritor under NOINHERIT)	partial DROP attempted then blocked
5	--clean --if-exists	Database + public schema owned by R	FAIL exit 1 (9 ignored)	created objects owner=R; ALTER OWNER TO W fails (cannot SET ROLE W)	partially created; ownership remains R
6	--clean --if-exists	R owns db+schema + membership-with-SET TRUE in W	FAIL exit 1 (5 ignored)	ALTER ... OWNER TO W succeeds for objects R owns (created inside); but first CREATE was blocked (schema public owner is W, conn.role CREATE denied)	ownership transfer leg works, admission leg does not
7	--clean --if-exists	R has membership WITH SET TRUE in W (schema still W-owned)	FAIL exit 1 (22 ignored)	schema public CREATE denied (R lacks CREATE)	insufficient
8	--clean --if-exists	+CREATE/USAGE on public + membership WITH SET TRUE in W; clean target	FAIL exit 1 (12 ignored)	created objects kept owner W (CREATE ran effectively SET-ROLE W; W owns them), subsequent ALTER ... OWNER TO W succeeds implicitly (owner already W -> no-op) but ALTER ... OWNED BY / setval / COPY / object-GRANT executed back as R (session reverted to R) denied "must be owner"/"permission denied"	detail: SET-only membership lets CREATE-time SET ROLE W, but pg_restore reverts to session role R for later statements; no INHERIT -> no W privileges as R; not convergent
9	--clean --if-exists	pinned target-db + schema public OWNER W; R has CREATE/USAGE; no object-grant re-run	FAIL exit 1 (18 ignored)	must be owner of sequence (now owned by W) / COPY permission denied	tables created natively with owner W (R CREATE default ownership via nose followed) mismatch
10	--clean --if-exists	W owns db schemas; R CREATE/USAGE; no membership; clean rerun	FAIL exit 1 (12 ignored)	created objects owner=W (because CREATE run as W via SET ROLE membership? actual owner=W) then OWNED BY/setval/COPY/grant denied as R	semantically loadable but non-authoritative ownership mismatch
11	--clean --if-exists --no-owner --no-privileges CONNECT+CREATE on public; objects left owned by archive-free creator (R)	SUCCESS exit 0; 7 rels created owned by R; probe row restored	—	ownership rewritten to R (deployment lane transfer-to-W optional)
pos2	same as 11 (repeat)	SUCCESS exit 0 (independent rerun)	repeatable
pos3	same as 11 (repeat)	SUCCESS exit 0 (third independent rerun of identical vector)	repeatable
neg_nocreate	--clean --if-exists	no schema CREATE	FAIL exit 1 (22 ignored)	permission denied for schema public	fail-closed
neg_crossdb	--clean --if-exists	CONNECT to otherdb (unfenced DB mirror of schema grant absent)	FAIL exit 1	schema public CREATE denied	blocked
neg_crossdb2	--clean --if-exists	CONNECT revoked entirely (all revoked from PUBLIC)	FAIL exit 1 (connection refused)	FATAL: permission denied for database "otherdb"	User does not have CONNECT privilege	fail-closed at connection
neg_wrongrole	--clean --if-exists	wrong_role (non-recovery) with equivalent grants instead of recovery_role	FAIL exit 1 (8 created under W but 5 owner-statements failed via SET ROLE denied)	must be able to SET ROLE writer_owner	not the recovery-role lane; unauthorized identity refused
FULL_recovery	--clean --if-exists --no-owner --no-privileges (full TxHarbor schema: 69 tables/25 sequences/149 indexes via real migrations)	datadb2 (owner W): CONNECT datadb2 + schema CREATE/USAGE for recovery_r	SUCCESS exit 0; 243 rels restored owned by recovery_r; confirmation_policy_history row=1; sequence/idx counts equal source; archive digest sha256:2c5b1fa671f411ebe9642322e28c3d2dc1e4d64dfe396289eebfb588023a9167
FULL_conv	deployment lane (postgres admin, separately authorized) ALTER ... OWNER TO writer_owner over all 243 public rels	 executed as deployment admin (audited in this TSV row)	0 errors; post-state owner=writer_owner for every public rel + ACL replay (GRANT SELECT ... TO PUBLIC)
PROTECTED_NEG_lane	--clean --if-exists --no-owner --no-privileges	wrong_lane_role (separate identity, equivalent grants CREATE/USAGE+CONNECT) runs the SAME pinned vector against its own lane_neg database	SUCCESS exit 0 (69 tables; owner=wrong_lane_role; archive digest 2c5b1fa6...)	—	CORRECTED (user review; fixes neg_wrongrole): command DID succeed for objects nativly created under the wrong identity (wrong-ownership residue). Not a zero-write negative. kept raw/neg_lane.  Protected-entry negatives for the ZERO-WRITE class are recorded separately in PROTECTED_ENTRY section below (see raw/protected-entry/*); this run only proves that equivalent-granted *non-recovery* roles cannot own the restored objects of the recovery lane (refusal happens at comparator/role-OID check — the wrong ownership is caught before any acceptance, no guard clean, no admission)
