label	mode	n	rc	started	ended
r01_pristine	pristine	10000	0	2026-10-08T02:53:59.317122398Z	2026-10-08T02:55:29.616961575Z
r02_on	on	10000	0	2026-10-08T02:55:29.623372069Z	2026-10-08T02:57:02.619425437Z
r03_off	off	10000	0	2026-10-08T02:57:02.775990833Z	2026-10-08T02:58:35.804360780Z
r04_off	off	10000	0	2026-10-08T02:58:35.812801340Z	2026-10-08T03:00:10.599391384Z
r05_on	on	10000	0	2026-10-08T03:00:10.607801000Z	2026-10-08T03:01:43.792249200Z
r06_on	on	10000	0	2026-10-08T03:01:43.944646796Z	2026-10-08T03:03:17.975234542Z
r07_off	off	10000	0	2026-10-08T03:03:18.141546975Z	2026-10-08T03:04:52.108756071Z
r08_off	off	10000	0	2026-10-08T03:04:52.117571523Z	2026-10-08T03:06:25.283970531Z
r09_on	on	10000	0	2026-10-08T03:06:25.292957408Z	2026-10-08T03:08:00.572543345Z
r10_pristine	pristine	10000	0	2026-10-08T03:08:00.715604693Z	2026-10-08T03:09:32.955409737Z
