5	86	0.942	0	0	false	0	0.942	false		
6	87	0.763	0	0	false	0	0.763	false		
7	88	0.688	1	1	true	1	26.844	false		
8	89	0.807	1	1	true	1	26.970	false		
9	90	0.730	0	0	false	0	0.730	false		
10	91	0.625	1	1	true	1	27.341	false		
11	92	0.619	0	0	false	0	0.619	false		
12	93	0.765	0	0	false	0	0.765	false		
13	94	0.728	0	0	false	0	0.728	false		
14	95	0.788	0	0	false	0	0.788	false		
15	96	0.818	0	0	false	0	0.818	false		
16	97	0.840	0	0	false	0	0.840	false		
17	98	0.789	0	0	false	0	0.789	false		
18	99	0.845	0	0	false	0	0.845	false		
19	100	0.739	0	0	false	0	0.739	false		
20	101	0.681	0	0	false	0	0.681	false		
21	102	0.678	0	0	false	0	0.678	false		
22	103	0.751	0	0	false	0	0.751	false		
23	104	0.722	0	0	false	0	0.722	false		
24	105	0.687	0	0	false	0	0.687	false		
25	106	0.744	0	0	false	0	0.744	false		
26	107	0.694	0	0	false	0	0.694	false		
27	108	0.747	0	0	false	0	0.747	false		
28	109	0.745	0	0	false	0	0.745	false		
29	110	0.823	0	0	false	0	0.823	false		
30	111	0.819	0	0	false	0	0.819	false		
31	112	0.678	0	0	false	0	0.678	false		
32	113	0.696	0	0	false	0	0.696	false		
33	114	0.758	0	0	false	0	0.758	false		
34	115	0.784	0	0	false	0	0.784	false		
35	116	0.618	0	0	false	0	0.618	false		
36	117	0.732	0	0	false	0	0.732	false		
37	118	0.687	0	0	false	0	0.687	false		
38	119	0.678	0	0	false	0	0.678	false		
39	120	0.716	0	0	false	0	0.716	false		
40	121	0.703	0	0	false	0	0.703	false		
41	122	0.728	0	0	false	0	0.728	false		
42	123	0.709	0	0	false	0	0.709	false		
43	124	0.777	0	0	false	0	0.777	false		
44	125	0.776	0	0	false	0	0.776	false		
45	126	0.669	0	0	false	0	0.669	false		
46	127	0.698	0	0	false	0	0.698	false		
47	128	0.782	0	0	false	0	0.782	false		
48	129	0.825	1	1	true	1	27.634	false		
49	130	0.742	0	0	false	0	0.742	false		
50	131	0.837	0	0	false	0	0.837	false		
51	132	0.738	0	0	false	0	0.738	false		
52	133	0.739	0	0	false	0	0.739	false		
53	134	0.743	0	0	false	0	0.743	false		
54	135	0.730	0	0	false	0	0.730	false		
55	136	0.731	0	0	false	0	0.731	false		
56	137	0.734	0	0	false	0	0.734	false		
57	138	0.682	0	0	false	0	0.682	false		
58	139	0.701	0	0	false	0	0.701	false		
59	140	0.774	0	0	false	0	0.774	false		
60	141	0.733	0	0	false	0	0.733	false		
61	142	0.868	0	0	false	0	0.868	false		
62	143	1.095	0	0	false	0	1.095	false		
63	144	0.962	0	0	false	0	0.962	false		
64	145	0.889	0	0	false	0	0.889	false		
65	146	1.006	0	0	false	0	1.006	false		
66	147	0.909	0	0	false	0	0.909	false		
67	148	0.852	0	0	false	0	0.852	false		
68	149	0.846	0	0	false	0	0.846	false		
69	150	0.838	0	0	false	0	0.838	false		
70	151	0.820	0	0	false	0	0.820	false		
71	152	0.793	1	1	true	1	27.303	false		
72	153	0.939	0	0	false	0	0.939	false		
73	154	0.805	0	0	false	0	0.805	false		
74	155	0.728	0	0	false	0	0.728	false		
75	156	0.841	0	0	false	0	0.841	false		
76	157	0.756	0	0	false	0	0.756	false		
77	158	0.786	1	1	true	1	27.317	false		
78	159	0.786	1	1	true	1	26.930	false		
79	160	0.754	0	0	false	0	0.754	false		
80	161	0.784	1	1	true	1	27.108	false		
81	162	0.737	0	0	false	0	0.737	false		
82	163	0.739	0	0	false	0	0.739	false		
83	164	0.713	0	0	false	0	0.713	false		
84	165	0.764	0	0	false	0	0.764	false		
85	166	0.734	0	0	false	0	0.734	false		
86	167	0.666	0	0	false	0	0.666	false		
87	168	0.777	0	0	false	0	0.777	false		
88	169	0.834	0	0	false	0	0.834	false		
89	170	0.737	0	0	false	0	0.737	false		
90	171	0.797	0	0	false	0	0.797	false		
91	172	0.894	0	0	false	0	0.894	false		
92	173	0.803	0	0	false	0	0.803	false		
93	174	0.848	0	0	false	0	0.848	false		
94	175	0.792	0	0	false	0	0.792	false		
95	176	0.764	0	0	false	0	0.764	false		
96	177	0.776	0	0	false	0	0.776	false		
97	178	0.902	0	0	false	0	0.902	false		
98	179	0.737	0	0	false	0	0.737	false		
99	180	0.754	0	0	false	0	0.754	false		
100	181	0.756	0	0	false	0	0.756	false		
101	182	0.712	0	0	false	0	0.712	false		
102	183	0.786	0	0	false	0	0.786	false		
103	184	0.746	0	0	false	0	0.746	false		
104	185	0.755	0	0	false	0	0.755	false		
105	186	0.931	1	1	true	1	27.323	false		
106	187	0.726	0	0	false	0	0.726	false		
107	188	0.850	0	0	false	0	0.850	false		
108	189	0.884	0	0	false	0	0.884	false		
109	190	0.842	0	0	false	0	0.842	false		
110	191	0.725	0	0	false	0	0.725	false		
111	192	0.880	1	1	true	1	28.140	false		
112	193	0.851	0	0	false	0	0.851	false		
113	194	0.767	0	0	false	0	0.767	false		
114	195	0.714	0	0	false	0	0.714	false		
115	196	0.875	0	0	false	0	0.875	false		
116	197	0.803	0	0	false	0	0.803	false		
117	198	0.767	0	0	false	0	0.767	false		
118	199	0.746	0	0	false	0	0.746	false		
119	200	0.736	0	0	false	0	0.736	false		
120	201	0.785	0	0	false	0	0.785	false		
121	202	0.836	0	0	false	0	0.836	false		
122	203	0.796	0	0	false	0	0.796	false		
123	204	0.737	0	0	false	0	0.737	false		
124	205	0.823	0	0	false	0	0.823	false		
125	206	0.823	0	0	false	0	0.823	false		
126	207	0.816	0	0	false	0	0.816	false		
127	208	0.813	0	0	false	0	0.813	false		
128	209	0.859	0	0	false	0	0.859	false		
129	210	0.733	0	0	false	0	0.733	false		
130	211	0.757	0	0	false	0	0.757	false		
131	212	0.847	0	0	false	0	0.847	false		
132	213	0.701	0	0	false	0	0.701	false		
133	214	0.697	0	0	false	0	0.697	false		
134	215	0.805	0	0	false	0	0.805	false		
135	216	0.810	0	0	false	0	0.810	false		
136	217	0.824	0	0	false	0	0.824	false		
137	218	0.791	0	0	false	0	0.791	false		
138	219	0.810	0	0	false	0	0.810	false		
139	220	0.744	0	0	false	0	0.744	false		
140	221	0.802	0	0	false	0	0.802	false		
141	222	0.737	0	0	false	0	0.737	false		
142	223	0.682	1	1	true	1	27.262	false		
143	224	0.914	0	0	false	0	0.914	false		
144	225	0.874	0	0	false	0	0.874	false		
145	226	0.860	0	0	false	0	0.860	false		
146	227	0.836	0	0	false	0	0.836	false		
147	228	0.951	0	0	false	0	0.951	false		
148	229	0.843	0	0	false	0	0.843	false		
149	230	0.826	0	0	false	0	0.826	false		
150	231	0.755	0	0	false	0	0.755	false		
151	232	0.813	0	0	false	0	0.813	false		
152	233	0.772	0	0	false	0	0.772	false		
153	234	0.931	0	0	false	0	0.931	false		
154	235	0.755	0	0	false	0	0.755	false		
155	236	0.811	0	0	false	0	0.811	false		
156	237	0.806	0	0	false	0	0.806	false		
157	238	0.881	0	0	false	0	0.881	false		
158	239	0.763	0	0	false	0	0.763	false		
159	240	0.675	0	0	false	0	0.675	false		
160	241	0.780	0	0	false	0	0.780	false		
161	242	1.183	0	0	false	0	1.183	false		
162	243	0.916	0	0	false	0	0.916	false		
163	244	0.952	0	0	false	0	0.952	false		
164	245	0.810	0	0	false	0	0.810	false		
165	246	0.870	0	0	false	0	0.870	false		
166	247	0.800	0	0	false	0	0.800	false		
167	248	0.889	0	0	false	0	0.889	false		
168	249	0.713	0	0	false	0	0.713	false		
169	250	0.705	0	0	false	0	0.705	false		
170	251	0.675	0	0	false	0	0.675	false		
171	252	0.792	0	0	false	0	0.792	false		
172	253	0.786	0	0	false	0	0.786	false		
173	254	0.853	0	0	false	0	0.853	false		
174	255	0.937	0	0	false	0	0.937	false		
175	256	0.794	0	0	false	0	0.794	false		
176	257	0.925	0	0	false	0	0.925	false		
177	258	0.812	0	0	false	0	0.812	false		
178	259	0.848	0	0	false	0	0.848	false		
179	260	0.856	0	0	false	0	0.856	false		
180	261	0.921	0	0	false	0	0.921	false		
181	262	0.950	0	0	false	0	0.950	false		
182	263	0.854	0	0	false	0	0.854	false		
183	264	0.883	0	0	false	0	0.883	false		
184	265	0.839	0	0	false	0	0.839	false		
185	266	0.851	0	0	false	0	0.851	false		
186	267	0.844	0	0	false	0	0.844	false		
187	268	0.842	0	0	false	0	0.842	false		
188	269	0.794	0	0	false	0	0.794	false		
189	270	0.848	0	0	false	0	0.848	false		
190	271	0.685	0	0	false	0	0.685	false		
191	272	0.792	0	0	false	0	0.792	false		
192	273	0.786	0	0	false	0	0.786	false		
193	274	0.831	0	0	false	0	0.831	false		
194	275	0.749	0	0	false	0	0.749	false		
195	276	0.779	0	0	false	0	0.779	false		
196	277	0.897	0	0	false	0	0.897	false		
197	278	0.678	0	0	false	0	0.678	false		
198	279	0.834	0	0	false	0	0.834	false		
199	280	0.843	0	0	false	0	0.843	false		
200	281	0.744	0	0	false	0	0.744	false		
201	282	0.769	0	0	false	0	0.769	false		
202	283	0.882	1	1	true	1	27.423	false		
203	284	0.666	0	0	false	0	0.666	false		
204	285	0.720	0	0	false	0	0.720	false		
205	286	0.833	0	0	false	0	0.833	false		
206	287	0.827	0	0	false	0	0.827	false		
207	288	0.672	0	0	false	0	0.672	false		
208	289	0.841	0	0	false	0	0.841	false		
209	290	0.661	0	0	false	0	0.661	false		
210	291	0.770	0	0	false	0	0.770	false		
211	292	0.745	0	0	false	0	0.745	false		
212	293	1.231	0	0	false	0	1.231	false		
213	294	0.818	0	0	false	0	0.818	false		
214	295	0.807	0	0	false	0	0.807	false		
215	296	0.970	0	0	false	0	0.970	false		
216	297	0.777	0	0	false	0	0.777	false		
217	298	0.798	0	0	false	0	0.798	false		
218	299	0.911	0	0	false	0	0.911	false		
219	300	0.710	0	0	false	0	0.710	false		
220	301	0.677	0	0	false	0	0.677	false		
221	302	0.843	0	0	false	0	0.843	false		
222	303	0.742	0	0	false	0	0.742	false		
223	304	0.768	0	0	false	0	0.768	false		
224	305	0.743	0	0	false	0	0.743	false		
225	306	0.781	0	0	false	0	0.781	false		
226	307	0.706	0	0	false	0	0.706	false		
227	308	0.738	0	0	false	0	0.738	false		
228	309	0.687	0	0	false	0	0.687	false		
229	310	0.731	0	0	false	0	0.731	false		
230	311	0.640	0	0	false	0	0.640	false		
231	312	0.851	0	0	false	0	0.851	false		
232	313	0.789	0	0	false	0	0.789	false		
233	314	0.722	0	0	false	0	0.722	false		
234	315	0.887	0	0	false	0	0.887	false		
235	316	0.830	0	0	false	0	0.830	false		
236	317	0.701	0	0	false	0	0.701	false		
237	318	0.697	0	0	false	0	0.697	false		
238	319	0.636	0	0	false	0	0.636	false		
239	320	0.763	0	0	false	0	0.763	false		
240	321	0.696	1	1	true	1	27.619	false		
241	322	0.869	0	0	false	0	0.869	false		
242	323	0.720	0	0	false	0	0.720	false		
243	324	0.735	0	0	false	0	0.735	false		
244	325	0.710	0	0	false	0	0.710	false		
245	326	0.724	0	0	false	0	0.724	false		
246	327	0.846	0	0	false	0	0.846	false		
247	328	0.784	0	0	false	0	0.784	false		
248	329	0.722	0	0	false	0	0.722	false		
249	330	0.735	0	0	false	0	0.735	false		
250	331	0.830	1	1	true	1	27.983	false		
251	332	0.866	0	0	false	0	0.866	false		
252	333	0.789	0	0	false	0	0.789	false		
253	334	0.897	0	0	false	0	0.897	false		
254	335	1.000	0	0	false	0	1.000	false		
255	336	0.981	0	0	false	0	0.981	false		
256	337	0.990	0	0	false	0	0.990	false		
257	338	1.051	0	0	false	0	1.051	false		
258	339	0.883	0	0	false	0	0.883	false		
259	340	0.864	0	0	false	0	0.864	false		
260	341	0.812	0	0	false	0	0.812	false		
261	342	1.105	0	0	false	0	1.105	false		
262	343	0.834	0	0	false	0	0.834	false		
263	344	0.967	0	0	false	0	0.967	false		
264	345	0.857	0	0	false	0	0.857	false		
265	346	0.918	0	0	false	0	0.918	false		
266	347	0.978	0	0	false	0	0.978	false		
267	348	1.802	0	0	false	0	1.802	false		
268	349	1.421	0	0	false	0	1.421	false		
269	350	0.861	0	0	false	0	0.861	false		
270	351	0.887	0	0	false	0	0.887	false		
271	352	0.884	0	0	false	0	0.884	false		
272	353	0.770	0	0	false	0	0.770	false		
273	354	0.760	0	0	false	0	0.760	false		
274	355	0.773	0	0	false	0	0.773	false		
275	356	0.860	0	0	false	0	0.860	false		
276	357	0.855	0	0	false	0	0.855	false		
277	358	0.870	0	0	false	0	0.870	false		
278	359	0.773	0	0	false	0	0.773	false		
279	360	0.902	1	1	true	1	27.536	false		
280	361	0.780	0	0	false	0	0.780	false		
281	362	0.697	0	0	false	0	0.697	false		
282	363	0.728	0	0	false	0	0.728	false		
283	364	0.711	0	0	false	0	0.711	false		
284	365	0.769	0	0	false	0	0.769	false		
285	366	0.734	0	0	false	0	0.734	false		
286	367	0.834	0	0	false	0	0.834	false		
287	368	0.829	0	0	false	0	0.829	false		
288	369	0.832	0	0	false	0	0.832	false		
289	370	0.737	0	0	false	0	0.737	false		
290	371	0.719	0	0	false	0	0.719	false		
291	372	0.752	0	0	false	0	0.752	false		
292	373	0.773	0	0	false	0	0.773	false		
293	374	0.718	0	0	false	0	0.718	false		
294	375	0.757	0	0	false	0	0.757	false		
295	376	0.666	0	0	false	0	0.666	false		
296	377	0.800	0	0	false	0	0.800	false		
297	378	0.810	0	0	false	0	0.810	false		
298	379	0.713	1	1	true	1	27.365	false		
299	380	0.716	0	0	false	0	0.716	false		
300	381	0.678	0	0	false	0	0.678	false		
301	382	0.719	0	0	false	0	0.719	false		
302	383	0.891	0	0	false	0	0.891	false		
303	384	0.783	0	0	false	0	0.783	false		
304	385	0.674	0	0	false	0	0.674	false		
